{
  "Deletebooking" : {
    "transaction" : "Deletebooking",
    "sampleCount" : 5000,
    "errorCount" : 0,
    "errorPct" : 0.0,
    "meanResTime" : 2029.9146000000005,
    "medianResTime" : 1015.0,
    "minResTime" : 293.0,
    "maxResTime" : 47256.0,
    "pct1ResTime" : 4933.0,
    "pct2ResTime" : 5028.0,
    "pct3ResTime" : 8547.639999999948,
    "throughput" : 82.33163181294253,
    "receivedKBytesPerSec" : 60.746786493495804,
    "sentKBytesPerSec" : 20.416379363576485
  },
  "createbooking" : {
    "transaction" : "createbooking",
    "sampleCount" : 5000,
    "errorCount" : 0,
    "errorPct" : 0.0,
    "meanResTime" : 1171.7853999999998,
    "medianResTime" : 475.5,
    "minResTime" : 294.0,
    "maxResTime" : 44590.0,
    "pct1ResTime" : 2553.0,
    "pct2ResTime" : 2647.0,
    "pct3ResTime" : 6996.879999999997,
    "throughput" : 82.18412531435428,
    "receivedKBytesPerSec" : 76.06641607357123,
    "sentKBytesPerSec" : 37.40019765282138
  },
  "auth" : {
    "transaction" : "auth",
    "sampleCount" : 5000,
    "errorCount" : 0,
    "errorPct" : 0.0,
    "meanResTime" : 4912.036800000002,
    "medianResTime" : 2186.5,
    "minResTime" : 1155.0,
    "maxResTime" : 54326.0,
    "pct1ResTime" : 11959.800000000007,
    "pct2ResTime" : 19401.149999999998,
    "pct3ResTime" : 34485.70999999999,
    "throughput" : 85.9712168366031,
    "receivedKBytesPerSec" : 65.21386952148421,
    "sentKBytesPerSec" : 21.408847942708782
  },
  "Total" : {
    "transaction" : "Total",
    "sampleCount" : 30000,
    "errorCount" : 0,
    "errorPct" : 0.0,
    "meanResTime" : 2307.4151000000115,
    "medianResTime" : 2040.0,
    "minResTime" : 292.0,
    "maxResTime" : 54326.0,
    "pct1ResTime" : 5019.0,
    "pct2ResTime" : 6905.700000000004,
    "pct3ResTime" : 26977.06000000015,
    "throughput" : 466.9696781022352,
    "receivedKBytesPerSec" : 398.08325972075215,
    "sentKBytesPerSec" : 151.2266709731648
  },
  "updatebooking" : {
    "transaction" : "updatebooking",
    "sampleCount" : 5000,
    "errorCount" : 0,
    "errorPct" : 0.0,
    "meanResTime" : 2212.4147999999996,
    "medianResTime" : 848.0,
    "minResTime" : 296.0,
    "maxResTime" : 47155.0,
    "pct1ResTime" : 4989.900000000001,
    "pct2ResTime" : 5034.0,
    "pct3ResTime" : 6724.229999999961,
    "throughput" : 82.185476182649,
    "receivedKBytesPerSec" : 73.79067924241428,
    "sentKBytesPerSec" : 40.20417183750288
  },
  "getbooking" : {
    "transaction" : "getbooking",
    "sampleCount" : 5000,
    "errorCount" : 0,
    "errorPct" : 0.0,
    "meanResTime" : 1288.2251999999985,
    "medianResTime" : 570.0,
    "minResTime" : 296.0,
    "maxResTime" : 45430.0,
    "pct1ResTime" : 2625.0,
    "pct2ResTime" : 2684.95,
    "pct3ResTime" : 7660.829999999996,
    "throughput" : 82.1827744904668,
    "receivedKBytesPerSec" : 73.75769179404996,
    "sentKBytesPerSec" : 16.12586548734385
  },
  "partialupdate" : {
    "transaction" : "partialupdate",
    "sampleCount" : 5000,
    "errorCount" : 0,
    "errorPct" : 0.0,
    "meanResTime" : 2230.1137999999987,
    "medianResTime" : 1062.5,
    "minResTime" : 292.0,
    "maxResTime" : 35425.0,
    "pct1ResTime" : 4947.0,
    "pct2ResTime" : 5026.0,
    "pct3ResTime" : 6658.709999999994,
    "throughput" : 82.23548954786928,
    "receivedKBytesPerSec" : 73.81515363645335,
    "sentKBytesPerSec" : 25.130715880495387
  }
}