{
  "Deletebooking" : {
    "transaction" : "Deletebooking",
    "sampleCount" : 4000,
    "errorCount" : 0,
    "errorPct" : 0.0,
    "meanResTime" : 2257.1530000000034,
    "medianResTime" : 2041.0,
    "minResTime" : 292.0,
    "maxResTime" : 39254.0,
    "pct1ResTime" : 3906.0,
    "pct2ResTime" : 4107.0,
    "pct3ResTime" : 8144.809999999799,
    "throughput" : 24.316848536429678,
    "receivedKBytesPerSec" : 17.920520000607922,
    "sentKBytesPerSec" : 6.031718289309706
  },
  "createbooking" : {
    "transaction" : "createbooking",
    "sampleCount" : 4000,
    "errorCount" : 0,
    "errorPct" : 0.0,
    "meanResTime" : 1631.3665000000015,
    "medianResTime" : 1222.0,
    "minResTime" : 292.0,
    "maxResTime" : 39878.0,
    "pct1ResTime" : 2005.0,
    "pct2ResTime" : 2242.95,
    "pct3ResTime" : 17965.099999999784,
    "throughput" : 24.290711232024876,
    "receivedKBytesPerSec" : 22.528733254590946,
    "sentKBytesPerSec" : 11.05417132238632
  },
  "auth" : {
    "transaction" : "auth",
    "sampleCount" : 4000,
    "errorCount" : 0,
    "errorPct" : 0.0,
    "meanResTime" : 19105.82649999996,
    "medianResTime" : 17939.5,
    "minResTime" : 1298.0,
    "maxResTime" : 161690.0,
    "pct1ResTime" : 35111.7,
    "pct2ResTime" : 50257.8,
    "pct3ResTime" : 66917.99,
    "throughput" : 24.111927567769587,
    "receivedKBytesPerSec" : 18.33000978040062,
    "sentKBytesPerSec" : 6.004435087676996
  },
  "Total" : {
    "transaction" : "Total",
    "sampleCount" : 24000,
    "errorCount" : 0,
    "errorPct" : 0.0,
    "meanResTime" : 4891.500583333348,
    "medianResTime" : 1996.0,
    "minResTime" : 292.0,
    "maxResTime" : 161690.0,
    "pct1ResTime" : 18160.0,
    "pct2ResTime" : 30693.700000000033,
    "pct3ResTime" : 50263.95000000001,
    "throughput" : 142.51189083589162,
    "receivedKBytesPerSec" : 121.61624720914213,
    "sentKBytesPerSec" : 46.158636517484425
  },
  "updatebooking" : {
    "transaction" : "updatebooking",
    "sampleCount" : 4000,
    "errorCount" : 0,
    "errorPct" : 0.0,
    "meanResTime" : 2389.2937500000053,
    "medianResTime" : 2209.5,
    "minResTime" : 293.0,
    "maxResTime" : 41806.0,
    "pct1ResTime" : 4046.0,
    "pct2ResTime" : 4167.0,
    "pct3ResTime" : 11708.499999999989,
    "throughput" : 24.302960708188273,
    "receivedKBytesPerSec" : 21.849073677463256,
    "sentKBytesPerSec" : 11.890413393361646
  },
  "getbooking" : {
    "transaction" : "getbooking",
    "sampleCount" : 4000,
    "errorCount" : 0,
    "errorPct" : 0.0,
    "meanResTime" : 1560.250499999999,
    "medianResTime" : 1265.0,
    "minResTime" : 293.0,
    "maxResTime" : 62723.0,
    "pct1ResTime" : 2179.9,
    "pct2ResTime" : 2293.0,
    "pct3ResTime" : 15915.999999999935,
    "throughput" : 24.297793760326563,
    "receivedKBytesPerSec" : 21.85088254142774,
    "sentKBytesPerSec" : 4.7693911580328505
  },
  "partialupdate" : {
    "transaction" : "partialupdate",
    "sampleCount" : 4000,
    "errorCount" : 0,
    "errorPct" : 0.0,
    "meanResTime" : 2405.1132500000044,
    "medianResTime" : 1983.0,
    "minResTime" : 292.0,
    "maxResTime" : 37205.0,
    "pct1ResTime" : 4004.7000000000003,
    "pct2ResTime" : 4137.0,
    "pct3ResTime" : 11997.079999999783,
    "throughput" : 24.310345875445943,
    "receivedKBytesPerSec" : 21.813811049356083,
    "sentKBytesPerSec" : 7.430799081068926
  }
}