{
  "Deletebooking" : {
    "transaction" : "Deletebooking",
    "sampleCount" : 2000,
    "errorCount" : 0,
    "errorPct" : 0.0,
    "meanResTime" : 912.1810000000002,
    "medianResTime" : 389.0,
    "minResTime" : 292.0,
    "maxResTime" : 36642.0,
    "pct1ResTime" : 1044.0,
    "pct2ResTime" : 1336.449999999998,
    "pct3ResTime" : 13217.880000000001,
    "throughput" : 37.06586604396011,
    "receivedKBytesPerSec" : 27.283228390600097,
    "sentKBytesPerSec" : 9.19407224137292
  },
  "createbooking" : {
    "transaction" : "createbooking",
    "sampleCount" : 2000,
    "errorCount" : 0,
    "errorPct" : 0.0,
    "meanResTime" : 823.714,
    "medianResTime" : 384.0,
    "minResTime" : 290.0,
    "maxResTime" : 35550.0,
    "pct1ResTime" : 708.0,
    "pct2ResTime" : 1874.3999999999978,
    "pct3ResTime" : 12079.470000000001,
    "throughput" : 37.000037000037,
    "receivedKBytesPerSec" : 34.26543074980575,
    "sentKBytesPerSec" : 16.837907462907463
  },
  "auth" : {
    "transaction" : "auth",
    "sampleCount" : 2000,
    "errorCount" : 0,
    "errorPct" : 0.0,
    "meanResTime" : 7603.333499999999,
    "medianResTime" : 3781.0,
    "minResTime" : 1162.0,
    "maxResTime" : 51338.0,
    "pct1ResTime" : 18176.9,
    "pct2ResTime" : 31878.34999999999,
    "pct3ResTime" : 34594.61,
    "throughput" : 35.974458134724344,
    "receivedKBytesPerSec" : 27.30608923914021,
    "sentKBytesPerSec" : 8.958483226908895
  },
  "Total" : {
    "transaction" : "Total",
    "sampleCount" : 12000,
    "errorCount" : 0,
    "errorPct" : 0.0,
    "meanResTime" : 1968.9222500000049,
    "medianResTime" : 399.0,
    "minResTime" : 290.0,
    "maxResTime" : 51338.0,
    "pct1ResTime" : 4212.699999999999,
    "pct2ResTime" : 9470.699999999993,
    "pct3ResTime" : 31518.409999999967,
    "throughput" : 210.06564551422318,
    "receivedKBytesPerSec" : 179.00341903719914,
    "sentKBytesPerSec" : 68.03884026258206
  },
  "updatebooking" : {
    "transaction" : "updatebooking",
    "sampleCount" : 2000,
    "errorCount" : 0,
    "errorPct" : 0.0,
    "meanResTime" : 930.2975000000005,
    "medianResTime" : 392.0,
    "minResTime" : 293.0,
    "maxResTime" : 39161.0,
    "pct1ResTime" : 1055.8000000000002,
    "pct2ResTime" : 1466.699999999999,
    "pct3ResTime" : 16116.820000000003,
    "throughput" : 36.98635203609868,
    "receivedKBytesPerSec" : 33.19604558105559,
    "sentKBytesPerSec" : 18.095861689536562
  },
  "getbooking" : {
    "transaction" : "getbooking",
    "sampleCount" : 2000,
    "errorCount" : 0,
    "errorPct" : 0.0,
    "meanResTime" : 781.499500000001,
    "medianResTime" : 387.0,
    "minResTime" : 290.0,
    "maxResTime" : 35449.0,
    "pct1ResTime" : 693.9000000000001,
    "pct2ResTime" : 1228.449999999998,
    "pct3ResTime" : 11547.960000000003,
    "throughput" : 36.99524611087475,
    "receivedKBytesPerSec" : 33.20966419877546,
    "sentKBytesPerSec" : 7.261762176060376
  },
  "partialupdate" : {
    "transaction" : "partialupdate",
    "sampleCount" : 2000,
    "errorCount" : 0,
    "errorPct" : 0.0,
    "meanResTime" : 762.5080000000008,
    "medianResTime" : 391.0,
    "minResTime" : 291.0,
    "maxResTime" : 33620.0,
    "pct1ResTime" : 1039.0,
    "pct2ResTime" : 1158.0,
    "pct3ResTime" : 7086.180000000002,
    "throughput" : 37.028808412945274,
    "receivedKBytesPerSec" : 33.19198742871954,
    "sentKBytesPerSec" : 11.31837600903503
  }
}