{
  "Deletebooking" : {
    "transaction" : "Deletebooking",
    "sampleCount" : 500,
    "errorCount" : 0,
    "errorPct" : 0.0,
    "meanResTime" : 268.09999999999997,
    "medianResTime" : 267.0,
    "minResTime" : 258.0,
    "maxResTime" : 295.0,
    "pct1ResTime" : 275.0,
    "pct2ResTime" : 278.0,
    "pct3ResTime" : 288.98,
    "throughput" : 35.785857429144,
    "receivedKBytesPerSec" : 26.353488226452907,
    "sentKBytesPerSec" : 8.876570104494704
  },
  "createbooking" : {
    "transaction" : "createbooking",
    "sampleCount" : 500,
    "errorCount" : 0,
    "errorPct" : 0.0,
    "meanResTime" : 266.78000000000003,
    "medianResTime" : 266.0,
    "minResTime" : 256.0,
    "maxResTime" : 307.0,
    "pct1ResTime" : 273.0,
    "pct2ResTime" : 275.95,
    "pct3ResTime" : 284.99,
    "throughput" : 35.83972475091391,
    "receivedKBytesPerSec" : 33.17750519676009,
    "sentKBytesPerSec" : 16.309874740161995
  },
  "auth" : {
    "transaction" : "auth",
    "sampleCount" : 500,
    "errorCount" : 0,
    "errorPct" : 0.0,
    "meanResTime" : 1109.7360000000006,
    "medianResTime" : 1063.0,
    "minResTime" : 1030.0,
    "maxResTime" : 2024.0,
    "pct1ResTime" : 1093.8000000000002,
    "pct2ResTime" : 1542.1999999999998,
    "pct3ResTime" : 2008.98,
    "throughput" : 31.705770450221937,
    "receivedKBytesPerSec" : 24.03817572923272,
    "sentKBytesPerSec" : 7.89547994610019
  },
  "Total" : {
    "transaction" : "Total",
    "sampleCount" : 3000,
    "errorCount" : 0,
    "errorPct" : 0.0,
    "meanResTime" : 408.9216666666664,
    "medianResTime" : 268.0,
    "minResTime" : 256.0,
    "maxResTime" : 2024.0,
    "pct1ResTime" : 1059.0,
    "pct2ResTime" : 1071.9499999999998,
    "pct3ResTime" : 1406.5599999999904,
    "throughput" : 175.377060680463,
    "receivedKBytesPerSec" : 149.41942885537236,
    "sentKBytesPerSec" : 56.803442505553605
  },
  "updatebooking" : {
    "transaction" : "updatebooking",
    "sampleCount" : 500,
    "errorCount" : 0,
    "errorPct" : 0.0,
    "meanResTime" : 270.81399999999996,
    "medianResTime" : 268.0,
    "minResTime" : 259.0,
    "maxResTime" : 320.0,
    "pct1ResTime" : 278.0,
    "pct2ResTime" : 294.95,
    "pct3ResTime" : 312.99,
    "throughput" : 35.82175096718728,
    "receivedKBytesPerSec" : 32.151700637627165,
    "sentKBytesPerSec" : 17.526071518125807
  },
  "getbooking" : {
    "transaction" : "getbooking",
    "sampleCount" : 500,
    "errorCount" : 0,
    "errorPct" : 0.0,
    "meanResTime" : 268.62599999999986,
    "medianResTime" : 266.5,
    "minResTime" : 257.0,
    "maxResTime" : 307.0,
    "pct1ResTime" : 275.90000000000003,
    "pct2ResTime" : 290.95,
    "pct3ResTime" : 301.97,
    "throughput" : 35.82688449412439,
    "receivedKBytesPerSec" : 32.154348935941535,
    "sentKBytesPerSec" : 7.032425569647463
  },
  "partialupdate" : {
    "transaction" : "partialupdate",
    "sampleCount" : 500,
    "errorCount" : 0,
    "errorPct" : 0.0,
    "meanResTime" : 269.4739999999998,
    "medianResTime" : 268.0,
    "minResTime" : 258.0,
    "maxResTime" : 307.0,
    "pct1ResTime" : 276.0,
    "pct2ResTime" : 280.95,
    "pct3ResTime" : 301.99,
    "throughput" : 35.80635920939559,
    "receivedKBytesPerSec" : 32.103757877399026,
    "sentKBytesPerSec" : 10.944717219278143
  }
}