{
  "Deletebooking" : {
    "transaction" : "Deletebooking",
    "sampleCount" : 3000,
    "errorCount" : 0,
    "errorPct" : 0.0,
    "meanResTime" : 7149.490999999984,
    "medianResTime" : 8067.5,
    "minResTime" : 301.0,
    "maxResTime" : 22675.0,
    "pct1ResTime" : 10798.9,
    "pct2ResTime" : 11399.599999999999,
    "pct3ResTime" : 12174.96,
    "throughput" : 18.285324198798047,
    "receivedKBytesPerSec" : 13.488878903916715,
    "sentKBytesPerSec" : 4.540307902002852
  },
  "createbooking" : {
    "transaction" : "createbooking",
    "sampleCount" : 3000,
    "errorCount" : 0,
    "errorPct" : 0.0,
    "meanResTime" : 3166.484666666664,
    "medianResTime" : 2536.5,
    "minResTime" : 323.0,
    "maxResTime" : 30569.0,
    "pct1ResTime" : 6200.300000000001,
    "pct2ResTime" : 6378.0,
    "pct3ResTime" : 14468.659999999993,
    "throughput" : 18.268288078724144,
    "receivedKBytesPerSec" : 16.91046426570616,
    "sentKBytesPerSec" : 8.313498285825636
  },
  "auth" : {
    "transaction" : "auth",
    "sampleCount" : 3000,
    "errorCount" : 0,
    "errorPct" : 0.0,
    "meanResTime" : 12729.27266666669,
    "medianResTime" : 10320.0,
    "minResTime" : 1250.0,
    "maxResTime" : 160761.0,
    "pct1ResTime" : 19521.800000000003,
    "pct2ResTime" : 34464.95,
    "pct3ResTime" : 50785.99,
    "throughput" : 18.121741861827758,
    "receivedKBytesPerSec" : 13.740928746821144,
    "sentKBytesPerSec" : 4.512738451919999
  },
  "Total" : {
    "transaction" : "Total",
    "sampleCount" : 18000,
    "errorCount" : 0,
    "errorPct" : 0.0,
    "meanResTime" : 7241.231833333315,
    "medianResTime" : 6340.0,
    "minResTime" : 299.0,
    "maxResTime" : 160761.0,
    "pct1ResTime" : 11985.9,
    "pct2ResTime" : 17471.9,
    "pct3ResTime" : 34175.80000000003,
    "throughput" : 107.17922152158768,
    "receivedKBytesPerSec" : 91.33376912107083,
    "sentKBytesPerSec" : 34.73295254937687
  },
  "updatebooking" : {
    "transaction" : "updatebooking",
    "sampleCount" : 3000,
    "errorCount" : 0,
    "errorPct" : 0.0,
    "meanResTime" : 8141.113666666662,
    "medianResTime" : 10370.5,
    "minResTime" : 300.0,
    "maxResTime" : 22624.0,
    "pct1ResTime" : 12036.6,
    "pct2ResTime" : 12173.95,
    "pct3ResTime" : 12284.0,
    "throughput" : 18.276523805172253,
    "receivedKBytesPerSec" : 16.401823654390935,
    "sentKBytesPerSec" : 8.946620175759236
  },
  "getbooking" : {
    "transaction" : "getbooking",
    "sampleCount" : 3000,
    "errorCount" : 0,
    "errorPct" : 0.0,
    "meanResTime" : 3755.7826666666674,
    "medianResTime" : 3544.5,
    "minResTime" : 299.0,
    "maxResTime" : 22391.0,
    "pct1ResTime" : 6421.0,
    "pct2ResTime" : 6510.95,
    "pct3ResTime" : 10712.909999999976,
    "throughput" : 18.272516308220805,
    "receivedKBytesPerSec" : 16.399345463238742,
    "sentKBytesPerSec" : 3.591382186428393
  },
  "partialupdate" : {
    "transaction" : "partialupdate",
    "sampleCount" : 3000,
    "errorCount" : 0,
    "errorPct" : 0.0,
    "meanResTime" : 8505.246333333367,
    "medianResTime" : 10015.0,
    "minResTime" : 301.0,
    "maxResTime" : 29361.0,
    "pct1ResTime" : 11716.6,
    "pct2ResTime" : 12129.95,
    "pct3ResTime" : 12219.97,
    "throughput" : 18.280421668393153,
    "receivedKBytesPerSec" : 16.387017473036376,
    "sentKBytesPerSec" : 5.59235706995308
  }
}