{
  "Deletebooking" : {
    "transaction" : "Deletebooking",
    "sampleCount" : 1500,
    "errorCount" : 0,
    "errorPct" : 0.0,
    "meanResTime" : 385.17000000000075,
    "medianResTime" : 342.0,
    "minResTime" : 259.0,
    "maxResTime" : 10128.0,
    "pct1ResTime" : 413.9000000000001,
    "pct2ResTime" : 547.9000000000001,
    "pct3ResTime" : 1277.6000000000004,
    "throughput" : 49.1416590224086,
    "receivedKBytesPerSec" : 36.14983291835932,
    "sentKBytesPerSec" : 12.189434952824007
  },
  "createbooking" : {
    "transaction" : "createbooking",
    "sampleCount" : 1500,
    "errorCount" : 0,
    "errorPct" : 0.0,
    "meanResTime" : 376.6560000000004,
    "medianResTime" : 338.0,
    "minResTime" : 258.0,
    "maxResTime" : 7306.0,
    "pct1ResTime" : 418.0,
    "pct2ResTime" : 549.9000000000001,
    "pct3ResTime" : 1238.0,
    "throughput" : 49.13522012578617,
    "receivedKBytesPerSec" : 45.4630022028957,
    "sentKBytesPerSec" : 22.36036384630503
  },
  "auth" : {
    "transaction" : "auth",
    "sampleCount" : 1500,
    "errorCount" : 0,
    "errorPct" : 0.0,
    "meanResTime" : 1825.8173333333327,
    "medianResTime" : 1495.5,
    "minResTime" : 1045.0,
    "maxResTime" : 6382.0,
    "pct1ResTime" : 2712.8,
    "pct2ResTime" : 3334.55,
    "pct3ResTime" : 5047.860000000001,
    "throughput" : 45.961514891530825,
    "receivedKBytesPerSec" : 34.849839900723126,
    "sentKBytesPerSec" : 11.445494430996444
  },
  "Total" : {
    "transaction" : "Total",
    "sampleCount" : 9000,
    "errorCount" : 0,
    "errorPct" : 0.0,
    "meanResTime" : 623.7769999999996,
    "medianResTime" : 345.0,
    "minResTime" : 258.0,
    "maxResTime" : 10128.0,
    "pct1ResTime" : 1379.9000000000005,
    "pct2ResTime" : 2189.8499999999967,
    "pct3ResTime" : 3307.99,
    "throughput" : 264.85388893793595,
    "receivedKBytesPerSec" : 225.51331534534003,
    "sentKBytesPerSec" : 85.78438134545775
  },
  "updatebooking" : {
    "transaction" : "updatebooking",
    "sampleCount" : 1500,
    "errorCount" : 0,
    "errorPct" : 0.0,
    "meanResTime" : 388.3220000000005,
    "medianResTime" : 344.0,
    "minResTime" : 260.0,
    "maxResTime" : 7084.0,
    "pct1ResTime" : 438.9000000000001,
    "pct2ResTime" : 618.95,
    "pct3ResTime" : 1252.98,
    "throughput" : 49.11269726933403,
    "receivedKBytesPerSec" : 44.05050831641674,
    "sentKBytesPerSec" : 24.02877083196909
  },
  "getbooking" : {
    "transaction" : "getbooking",
    "sampleCount" : 1500,
    "errorCount" : 0,
    "errorPct" : 0.0,
    "meanResTime" : 378.268,
    "medianResTime" : 340.0,
    "minResTime" : 258.0,
    "maxResTime" : 5100.0,
    "pct1ResTime" : 418.9000000000001,
    "pct2ResTime" : 544.95,
    "pct3ResTime" : 1374.870000000001,
    "throughput" : 49.12878291628455,
    "receivedKBytesPerSec" : 44.06135366173196,
    "sentKBytesPerSec" : 9.643442740403511
  },
  "partialupdate" : {
    "transaction" : "partialupdate",
    "sampleCount" : 1500,
    "errorCount" : 0,
    "errorPct" : 0.0,
    "meanResTime" : 388.4286666666669,
    "medianResTime" : 343.0,
    "minResTime" : 261.0,
    "maxResTime" : 6734.0,
    "pct1ResTime" : 431.0,
    "pct2ResTime" : 584.6000000000004,
    "pct3ResTime" : 1485.7000000000003,
    "throughput" : 49.103050936231504,
    "receivedKBytesPerSec" : 43.98994001243944,
    "sentKBytesPerSec" : 15.00903803031295
  }
}