{
  "Deletebooking" : {
    "transaction" : "Deletebooking",
    "sampleCount" : 1000,
    "errorCount" : 0,
    "errorPct" : 0.0,
    "meanResTime" : 383.352,
    "medianResTime" : 344.0,
    "minResTime" : 258.0,
    "maxResTime" : 5912.0,
    "pct1ResTime" : 474.9,
    "pct2ResTime" : 540.0499999999987,
    "pct3ResTime" : 981.5200000000004,
    "throughput" : 34.29825764851146,
    "receivedKBytesPerSec" : 25.23400522190973,
    "sentKBytesPerSec" : 8.507575627658115
  },
  "createbooking" : {
    "transaction" : "createbooking",
    "sampleCount" : 1000,
    "errorCount" : 0,
    "errorPct" : 0.0,
    "meanResTime" : 380.9420000000003,
    "medianResTime" : 341.0,
    "minResTime" : 260.0,
    "maxResTime" : 4918.0,
    "pct1ResTime" : 515.8,
    "pct2ResTime" : 567.9499999999999,
    "pct3ResTime" : 1363.2600000000025,
    "throughput" : 34.22547744541036,
    "receivedKBytesPerSec" : 31.669395791977546,
    "sentKBytesPerSec" : 15.575266103087138
  },
  "auth" : {
    "transaction" : "auth",
    "sampleCount" : 1000,
    "errorCount" : 0,
    "errorPct" : 0.0,
    "meanResTime" : 2452.1320000000014,
    "medianResTime" : 2131.0,
    "minResTime" : 1045.0,
    "maxResTime" : 19554.0,
    "pct1ResTime" : 4032.8,
    "pct2ResTime" : 5311.499999999999,
    "pct3ResTime" : 9395.41,
    "throughput" : 31.98976327575176,
    "receivedKBytesPerSec" : 24.254488563659628,
    "sentKBytesPerSec" : 7.966200815738963
  },
  "Total" : {
    "transaction" : "Total",
    "sampleCount" : 6000,
    "errorCount" : 0,
    "errorPct" : 0.0,
    "meanResTime" : 729.4868333333317,
    "medianResTime" : 346.0,
    "minResTime" : 258.0,
    "maxResTime" : 19554.0,
    "pct1ResTime" : 1688.800000000001,
    "pct2ResTime" : 2649.8999999999996,
    "pct3ResTime" : 5196.939999999999,
    "throughput" : 184.07166523499816,
    "receivedKBytesPerSec" : 156.74589098355628,
    "sentKBytesPerSec" : 59.61956605104921
  },
  "updatebooking" : {
    "transaction" : "updatebooking",
    "sampleCount" : 1000,
    "errorCount" : 0,
    "errorPct" : 0.0,
    "meanResTime" : 376.49800000000016,
    "medianResTime" : 345.0,
    "minResTime" : 261.0,
    "maxResTime" : 2888.0,
    "pct1ResTime" : 460.5999999999999,
    "pct2ResTime" : 517.0,
    "pct3ResTime" : 1294.5700000000004,
    "throughput" : 34.223134839151264,
    "receivedKBytesPerSec" : 30.69868668720055,
    "sentKBytesPerSec" : 16.743936088295687
  },
  "getbooking" : {
    "transaction" : "getbooking",
    "sampleCount" : 1000,
    "errorCount" : 0,
    "errorPct" : 0.0,
    "meanResTime" : 406.16999999999985,
    "medianResTime" : 342.0,
    "minResTime" : 261.0,
    "maxResTime" : 11112.0,
    "pct1ResTime" : 501.0,
    "pct2ResTime" : 662.4499999999992,
    "pct3ResTime" : 1452.2100000000007,
    "throughput" : 34.22430610219378,
    "receivedKBytesPerSec" : 30.69866781888497,
    "sentKBytesPerSec" : 6.717856959512646
  },
  "partialupdate" : {
    "transaction" : "partialupdate",
    "sampleCount" : 1000,
    "errorCount" : 0,
    "errorPct" : 0.0,
    "meanResTime" : 377.8269999999997,
    "medianResTime" : 344.0,
    "minResTime" : 260.0,
    "maxResTime" : 5390.0,
    "pct1ResTime" : 469.39999999999986,
    "pct2ResTime" : 524.8999999999999,
    "pct3ResTime" : 897.8000000000002,
    "throughput" : 34.21610894409088,
    "receivedKBytesPerSec" : 30.65950480736331,
    "sentKBytesPerSec" : 10.458634862793403
  }
}