{
  "Deletebooking" : {
    "transaction" : "Deletebooking",
    "sampleCount" : 5500,
    "errorCount" : 12,
    "errorPct" : 0.21818182,
    "meanResTime" : 3139.530545454547,
    "medianResTime" : 1272.5,
    "minResTime" : 295.0,
    "maxResTime" : 63763.0,
    "pct1ResTime" : 7711.0,
    "pct2ResTime" : 8081.0,
    "pct3ResTime" : 17072.779999999886,
    "throughput" : 72.27047553972905,
    "receivedKBytesPerSec" : 53.274478749195175,
    "sentKBytesPerSec" : 17.99473246783964
  },
  "createbooking" : {
    "transaction" : "createbooking",
    "sampleCount" : 5500,
    "errorCount" : 0,
    "errorPct" : 0.0,
    "meanResTime" : 1931.8272727272745,
    "medianResTime" : 507.0,
    "minResTime" : 294.0,
    "maxResTime" : 72044.0,
    "pct1ResTime" : 3714.0,
    "pct2ResTime" : 4279.799999999999,
    "pct3ResTime" : 25684.239999999983,
    "throughput" : 72.27237487023824,
    "receivedKBytesPerSec" : 67.07091973167239,
    "sentKBytesPerSec" : 32.88957684524514
  },
  "auth" : {
    "transaction" : "auth",
    "sampleCount" : 5500,
    "errorCount" : 12,
    "errorPct" : 0.21818182,
    "meanResTime" : 11259.973818181834,
    "medianResTime" : 3842.0,
    "minResTime" : 1172.0,
    "maxResTime" : 74227.0,
    "pct1ResTime" : 33998.5,
    "pct2ResTime" : 35990.0,
    "pct3ResTime" : 64151.89999999998,
    "throughput" : 71.47126855004288,
    "receivedKBytesPerSec" : 54.52374551680225,
    "sentKBytesPerSec" : 17.75918893104972
  },
  "Total" : {
    "transaction" : "Total",
    "sampleCount" : 33000,
    "errorCount" : 48,
    "errorPct" : 0.14545454,
    "meanResTime" : 4205.470666666663,
    "medianResTime" : 3575.5,
    "minResTime" : 294.0,
    "maxResTime" : 74227.0,
    "pct1ResTime" : 11892.300000000083,
    "pct2ResTime" : 31368.850000000002,
    "pct3ResTime" : 49047.95000000017,
    "throughput" : 414.4114729188381,
    "receivedKBytesPerSec" : 353.78530150004394,
    "sentKBytesPerSec" : 134.45072035388228
  },
  "updatebooking" : {
    "transaction" : "updatebooking",
    "sampleCount" : 5500,
    "errorCount" : 12,
    "errorPct" : 0.21818182,
    "meanResTime" : 3371.8778181818157,
    "medianResTime" : 780.5,
    "minResTime" : 295.0,
    "maxResTime" : 63895.0,
    "pct1ResTime" : 7903.0,
    "pct2ResTime" : 8165.95,
    "pct3ResTime" : 22147.919999999824,
    "throughput" : 72.28187302046234,
    "receivedKBytesPerSec" : 64.93258277917231,
    "sentKBytesPerSec" : 35.43274869892629
  },
  "getbooking" : {
    "transaction" : "getbooking",
    "sampleCount" : 5500,
    "errorCount" : 0,
    "errorPct" : 0.0,
    "meanResTime" : 2018.3418181818158,
    "medianResTime" : 551.0,
    "minResTime" : 298.0,
    "maxResTime" : 53660.0,
    "pct1ResTime" : 3996.300000000004,
    "pct2ResTime" : 4322.699999999999,
    "pct3ResTime" : 23475.899999999932,
    "throughput" : 72.26192978768131,
    "receivedKBytesPerSec" : 64.93750574810805,
    "sentKBytesPerSec" : 14.254794743273072
  },
  "partialupdate" : {
    "transaction" : "partialupdate",
    "sampleCount" : 5500,
    "errorCount" : 12,
    "errorPct" : 0.21818182,
    "meanResTime" : 3511.272727272727,
    "medianResTime" : 1067.0,
    "minResTime" : 295.0,
    "maxResTime" : 63926.0,
    "pct1ResTime" : 7943.900000000001,
    "pct2ResTime" : 8156.95,
    "pct3ResTime" : 21618.899999999998,
    "throughput" : 72.30182726436176,
    "receivedKBytesPerSec" : 64.86968211844355,
    "sentKBytesPerSec" : 22.168366718154335
  }
}